-- Inserciones para la tabla Categorías
INSERT INTO Categorias (id_categoria, nombre) VALUES
(1, 'Vehículo'),
(2, 'Insumo'),
(3, 'Equipo de Trabajo'),
(4, 'Máquina');

-- Inserciones para la tabla Activos
INSERT INTO Activos_insumos (id_activo, nombre, id_categoria) VALUES
(1, 'Tractor John Deere 5055E', 1),
(2, 'Camión Ford F-350', 1),
(3, 'Remolque de Carga 4T', 1),
(4, 'Camioneta Chevrolet S10', 1),
(5, 'Moto Honda CRF250L', 1),
(6, 'Abono Orgánico', 2),
(7, 'Fertilizante Nitrogenado', 2),
(8, 'Matamalezas', 2),
(9, 'Insecticida Carbofurano', 2),
(10, 'Pesticida Glifosato', 2),
(11, 'Semillas de Maíz', 2),
(12, 'Alimento para Gallinas', 2),
(13, 'Martillo', 3),
(14, 'Pico', 3),
(15, 'Azada', 3),
(16, 'Carretilla', 3),
(17, 'Guantes de Jardinería', 3),
(18, 'Cosechadora Case IH', 4),
(19, 'Cultivadora Agrícola', 4),
(20, 'Desmalezadora Stihl', 4),
(21, 'Tractor de Cosecha', 4),
(22, 'Segadora de Cebada', 4),
(23, 'Tractor Massey Ferguson', 1),
(24, 'Camión Isuzu NPR', 1),
(25, 'Remolque 5T', 1),
(26, 'Camioneta Nissan Frontier', 1),
(27, 'Moto Yamaha XT660', 1),
(28, 'Fertilizante de Potasio', 2),
(29, 'Herbicida Glufosinato', 2),
(30, 'Insecticida Imidacloprid', 2),
(31, 'Pesticida Endosulfán', 2),
(32, 'Semillas de Soya', 2),
(33, 'Alimento para Cerdos', 2),
(34, 'Taladro', 3),
(35, 'Sierra de Mano', 3),
(36, 'Cinta Métrica', 3),
(37, 'Escalera', 3),
(38, 'Carro de Mano', 3),
(39, 'Pulverizadora', 4),
(40, 'Fumigadora', 4),
(41, 'Arado de 3 Puntos', 4),
(42, 'Cosechadora de Arroz', 4),
(43, 'Moledora de Granos', 4),
(44, 'Tractor Kubota', 1),
(45, 'Camión Mercedes Benz', 1),
(46, 'Remolque de Transporte', 1),
(47, 'Camioneta Toyota Hilux', 1),
(48, 'Moto KTM 690 Enduro', 1),
(49, 'Fertilizante Fosfato', 2),
(50, 'Controlador de Plagas', 2);

-- Inserciones en la tabla Tipos_vehículo
INSERT INTO Tipos_vehiculo (id_tipo_vehiculo, tipo) VALUES
(1, 'Tractor'),
(2, 'Camión'),
(3, 'Remolque'),
(4, 'Camioneta'),
(5, 'Moto');

-- Inserciones para la tabla Vehículos
INSERT INTO Vehiculos (id_vehiculo, id_activo, marca, modelo, id_tipo_vehiculo) VALUES
(1, 1, 'John Deere', '5055E', 1),
(2, 2, 'Ford', 'F-350', 1),
(3, 3, 'Remolque', 'Carga 4T', 1),
(4, 4, 'Chevrolet', 'S10', 1),
(5, 5, 'Honda', 'CRF250L', 1),
(6, 23, 'Massey Ferguson', 'MF 290', 1),
(7, 24, 'Isuzu', 'NPR', 1),
(8, 25, 'Remolque', '5T', 1),
(9, 26, 'Nissan', 'Frontier', 1),
(10, 27, 'Yamaha', 'XT660', 1);


-- Inserciones en la tabla Unidades_medida
INSERT INTO Unidades_medida (id_unidad_medida, unidad) VALUES
(1, 'Kilogramos'),
(2, 'Litros'),
(3, 'Unidades'),
(4, 'Hectáreas');

-- Inserciones en la tabla Tipos_insumo
INSERT INTO Tipos_insumo (id_tipo_insumo, tipo) VALUES
(1, 'Abono'),
(2, 'Fertilizantes'),
(3, 'Matamalezas'),
(4, 'Insecticidas'),
(5, 'Parasitoides'),
(6, 'Pesticida'),
(7, 'Semillas'),
(8, 'Alimento para animales');

-- Inserciones para la tabla Insumos
INSERT INTO Insumos (id_insumo, id_activo, id_unidad_medida, id_tipo_insumo, fecha_vencimiento, cantidad) VALUES
(1, 6, 1, 1, '2025-12-31', 100),
(2, 7, 1, 1, '2025-12-31', 50),
(3, 8, 1, 2, '2025-12-31', 200),
(4, 9, 1, 4, '2025-12-31', 150),
(5, 10, 1, 6, '2025-12-31', 120),
(6, 28, 1, 2, '2025-12-31', 75),
(7, 29, 1, 4, '2025-12-31', 80),
(8, 30, 1, 4, '2025-12-31', 90),
(9, 31, 1, 4, '2025-12-31', 70),
(10, 32, 1, 7, '2025-12-31', 60);

-- Inserciones en la tabla Estados
INSERT INTO Estados (id_estado, estado) VALUES
(1, 'Disponible'),
(2, 'Ocupado'),
(3, 'Mantenimiento'),
(4, 'Fuera de servicio');

-- Inserciones para la tabla Equipos_de_trabajo
INSERT INTO Equipos_de_trabajo (id_equipo, id_activo, descripcion, id_estado, cantidad) VALUES
(1, 13, 'Martillo de acero', 1, 20),
(2, 14, 'Pico de acero', 1, 15),
(3, 15, 'Azada de jardín', 1, 10),
(4, 16, 'Carretilla de carga', 1, 12),
(5, 17, 'Guantes de jardinería', 1, 50),
(6, 34, 'Taladro eléctrico', 1, 8),
(7, 35, 'Sierra de mano', 1, 5),
(8, 36, 'Cinta métrica', 1, 30),
(9, 37, 'Escalera de aluminio', 1, 2),
(10, 38, 'Carro de mano', 1, 4);

-- Inserciones para la tabla Máquinas
INSERT INTO Maquinas (id_maquina, id_activo, descripcion, marca, modelo, id_estado) VALUES
(1, 18, 'Cosechadora de granos', 'Case IH', 'Cosechadora', 1),
(2, 19, 'Cultivadora de tierras', 'John Deere', 'Cultivadora', 1),
(3, 20, 'Desmalezadora', 'Stihl', 'Desmalezadora', 1),
(4, 39, 'Pulverizadora de insecticidas', 'Baker', 'Pulverizadora', 1),
(5, 40, 'Fumigadora de cultivos', 'Gilmour', 'Fumigadora', 1),
(6, 41, 'Arado de 3 puntos', 'Massey Ferguson', 'Arado', 1),
(7, 42, 'Cosechadora de arroz', 'New Holland', 'Cosechadora', 1),
(8, 43, 'Moledora de granos', 'Wiley', 'Moledora', 1),
(9, 22, 'Tractor de Cosecha', 'Claas', 'Cosechadora', 1),
(10, 44, 'Tractor Kubota', 'Kubota', 'M62', 1);

-- Inserciones para la tabla Departamentos
INSERT INTO Departamentos (id_departamento, departamento) VALUES
(1, 'Antioquia'),
(2, 'Caldas'),
(3, 'Cauca'),
(4, 'Huila'),
(5, 'Valle del Cauca'),
(6, 'Santander'),
(7, 'Boyacá'),
(8, 'Cundinamarca'),
(9, 'Tolima'),
(10, 'Meta'),
(11, 'Nariño'),
(12, 'Quindío'),
(13, 'Atlántico'),
(14, 'Bolívar'),
(15, 'Cesar'),
(16, 'Guajira'),
(17, 'Magdalena'),
(18, 'Putumayo'),
(19, 'Vaupés'),
(20, 'Chocó'),
(21, 'Arauca'),
(22, 'Casanare'),
(23, 'Guaviare'),
(24, 'Guainía'),
(25, 'Vichada'),
(26, 'Córdoba'),
(27, 'Sucre'),
(28, 'San Andrés y Providencia'),
(29, 'Amazonas'),
(30, 'Norte de Santander');

-- Inserciones para la tabla Municipios
INSERT INTO Municipios (id_municipio, municipio, id_departamento) VALUES
(1, 'Medellín', 1),
(2, 'Manizales', 2),
(3, 'Popayán', 3),
(4, 'Neiva', 4),
(5, 'Cali', 5),
(6, 'Bucaramanga', 6),
(7, 'Tunja', 7),
(8, 'Bogotá', 8),
(9, 'Ibagué', 9),
(10, 'Villavicencio', 10),
(11, 'Pasto', 11),
(12, 'Armenia', 12),
(13, 'Barranquilla', 13),
(14, 'Cartagena', 14),
(15, 'Valledupar', 15),
(16, 'Riohacha', 16),
(17, 'Santa Marta', 17),
(18, 'Mocoa', 18),
(19, 'Mitú', 19),
(20, 'Quibdó', 20),
(21, 'Arauca', 21),
(22, 'Yopal', 22),
(23, 'San José del Guaviare', 23),
(24, 'Inírida', 24),
(25, 'Puerto Carreño', 25),
(26, 'Montería', 26),
(27, 'Sincelejo', 27),
(28, 'San Andrés', 28),
(29, 'Leticia', 29),
(30, 'Cúcuta', 30),
(31, 'Tuluá', 5),
(32, 'Caldas', 2),
(33, 'Cáceres', 1),
(34, 'Sonsón', 1),
(35, 'La Ceja', 1),
(36, 'Aguadas', 2),
(37, 'Chinchiná', 2),
(38, 'Riosucio', 2),
(39, 'Neira', 2),
(40, 'La Pintada', 1),
(41, 'Florencia', 11),
(42, 'Tierra Alta', 26),
(43, 'Ciénaga', 17),
(44, 'Sabaneta', 1),
(45, 'Candelaria', 8),
(46, 'Tocancipá', 8),
(47, 'La Dorada', 4),
(48, 'Guatapé', 1),
(49, 'Fresno', 9),
(50, 'Carmen de Viboral', 1);

-- Inserciones para la tabla Ubicaciones
INSERT INTO Ubicaciones (id_ubicacion, direccion, id_municipio) VALUES
(1, 'Calle 1 # 1 - 1', 1),
(2, 'Calle 2 # 2 - 2', 2),
(3, 'Carrera 3 # 3 - 3', 3),
(4, 'Avenida 4 # 4 - 4', 4),
(5, 'Calle 5 # 5 - 5', 5),
(6, 'Carrera 6 # 6 - 6', 6),
(7, 'Avenida 7 # 7 - 7', 7),
(8, 'Calle 8 # 8 - 8', 8),
(9, 'Carrera 9 # 9 - 9', 9),
(10, 'Avenida 10 # 10 - 10', 10),
(11, 'Calle 11 # 11 - 11', 11),
(12, 'Carrera 12 # 12 - 12', 12),
(13, 'Avenida 13 # 13 - 13', 13),
(14, 'Calle 14 # 14 - 14', 14),
(15, 'Carrera 15 # 15 - 15', 15),
(16, 'Avenida 16 # 16 - 16', 16),
(17, 'Calle 17 # 17 - 17', 17),
(18, 'Carrera 18 # 18 - 18', 18),
(19, 'Avenida 19 # 19 - 19', 19),
(20, 'Calle 20 # 20 - 20', 20),
(21, 'Carrera 21 # 21 - 21', 21),
(22, 'Avenida 22 # 22 - 22', 22),
(23, 'Calle 23 # 23 - 23', 23),
(24, 'Carrera 24 # 24 - 24', 24),
(25, 'Avenida 25 # 25 - 25', 25),
(26, 'Calle 26 # 26 - 26', 26),
(27, 'Carrera 27 # 27 - 27', 27),
(28, 'Avenida 28 # 28 - 28', 28),
(29, 'Calle 29 # 29 - 29', 29),
(30, 'Carrera 30 # 30 - 30', 30),
(31, 'Avenida 31 # 31 - 31', 31),
(32, 'Calle 32 # 32 - 32', 32),
(33, 'Carrera 33 # 33 - 33', 33),
(34, 'Avenida 34 # 34 - 34', 34),
(35, 'Calle 35 # 35 - 35', 35),
(36, 'Carrera 36 # 36 - 36', 36),
(37, 'Avenida 37 # 37 - 37', 37),
(38, 'Calle 38 # 38 - 38', 38),
(39, 'Carrera 39 # 39 - 39', 39),
(40, 'Avenida 40 # 40 - 40', 40),
(41, 'Calle 41 # 41 - 41', 41),
(42, 'Carrera 42 # 42 - 42', 42),
(43, 'Avenida 43 # 43 - 43', 43),
(44, 'Calle 44 # 44 - 44', 44),
(45, 'Carrera 45 # 45 - 45', 45),
(46, 'Avenida 46 # 46 - 46', 46),
(47, 'Calle 47 # 47 - 47', 47),
(48, 'Carrera 48 # 48 - 48', 48),
(49, 'Avenida 49 # 49 - 49', 49),
(50, 'Calle 50 # 50 - 50', 50);

-- Inserciones para la tabla Tipos_cliente
INSERT INTO Tipos_cliente (id_tipo_cliente, tipo) VALUES
(1, 'Persona Natural'),
(2, 'Persona Jurídica');

-- Inserciones para la tabla Clientes
INSERT INTO Clientes (id_cliente, nombre, telefono, correo, id_ubicacion, id_tipo_cliente) VALUES
(1, 'Juan Pérez', '1234567', 'juanperez@example.com', 1, 1),
(2, 'María López', '7654321', 'marialopez@example.com', 2, 1),
(3, 'Carlos García', '1234568', 'carlosgarcia@example.com', 3, 1),
(4, 'Ana Martínez', '7654322', 'anamartinez@example.com', 4, 1),
(5, 'Luis Fernández', '1234569', 'luisfernandez@example.com', 5, 1),
(6, 'Sofía Rodríguez', '7654323', 'sofiarodriguez@example.com', 6, 1),
(7, 'Diego Torres', '1234570', 'diegotorres@example.com', 7, 1),
(8, 'Valentina Ruiz', '7654324', 'valentinaruiz@example.com', 8, 1),
(9, 'Andrés Castillo', '1234571', 'andrescastillo@example.com', 9, 1),
(10, 'Laura Morales', '7654325', 'lauramora@example.com', 10, 1),
(11, 'Miguel Ángel', '1234572', 'miguelangel@example.com', 11, 1),
(12, 'Lucía Sánchez', '7654326', 'luciasanchez@example.com', 12, 1),
(13, 'José Gómez', '1234573', 'josegomez@example.com', 13, 1),
(14, 'Cecilia Castro', '7654327', 'cecilia@example.com', 14, 1),
(15, 'Jorge León', '1234574', 'jorgeleon@example.com', 15, 1),
(16, 'Patricia Salazar', '7654328', 'patriciasalazar@example.com', 16, 1),
(17, 'Fernando Pérez', '1234575', 'fernandoperez@example.com', 17, 1),
(18, 'Elena Vélez', '7654329', 'elenavelez@example.com', 18, 1),
(19, 'Raúl Torres', '1234576', 'raultorres@example.com', 19, 1),
(20, 'Carolina Jiménez', '7654330', 'carolinajimenez@example.com', 20, 1),
(21, 'David Gómez', '1234577', 'davidgomez@example.com', 21, 1),
(22, 'Claudia Ruiz', '7654331', 'claudiaruiz@example.com', 22, 1),
(23, 'Ricardo Morales', '1234578', 'ricardomorales@example.com', 23, 1),
(24, 'Mariana Díaz', '7654332', 'marianadiaz@example.com', 24, 1),
(25, 'Nicolás Torres', '1234579', 'nicolaastorres@example.com', 25, 1),
(26, 'Juliana Castro', '7654333', 'julianacastro@example.com', 26, 1),
(27, 'Daniel Rodríguez', '1234580', 'danielrodriguez@example.com', 27, 1),
(28, 'Alejandra Cárdenas', '7654334', 'alejandracardenas@example.com', 28, 1),
(29, 'Roberto Salas', '1234581', 'robertosalas@example.com', 29, 1),
(30, 'Isabel García', '7654335', 'isabelgarcia@example.com', 30, 1),
(31, 'Sebastián Torres', '1234582', 'sebastiantorres@example.com', 31, 1),
(32, 'Gabriela Sánchez', '7654336', 'gabrielasanchez@example.com', 32, 1),
(33, 'Leonardo Jiménez', '1234583', 'leonardojimenez@example.com', 33, 1),
(34, 'Verónica Pérez', '7654337', 'veronicaperez@example.com', 34, 1),
(35, 'Hugo Velasco', '1234584', 'hugovelasco@example.com', 35, 1),
(36, 'Sabrina Ortega', '7654338', 'sabrinaortega@example.com', 36, 1),
(37, 'Felipe Cuervo', '1234585', 'felipecuervo@example.com', 37, 1),
(38, 'Diana Morales', '7654339', 'dianamorales@example.com', 38, 1),
(39, 'Alberto Gutiérrez', '1234586', 'albertogutierrez@example.com', 39, 1),
(40, 'Tatiana Reyes', '7654340', 'tatianareyes@example.com', 40, 1),
(41, 'Omar Acuña', '1234587', 'omaracuna@example.com', 41, 1),
(42, 'Alicia Villanueva', '7654341', 'aliciavillanueva@example.com', 42, 1),
(43, 'Fabián Quintero', '1234588', 'fabianquintero@example.com', 43, 1),
(44, 'Cynthia Morales', '7654342', 'cynthiamorales@example.com', 44, 1),
(45, 'Manuel Aguirre', '1234589', 'manuelaguirre@example.com', 45, 1),
(46, 'Lorena Montoya', '7654343', 'lorenamontoya@example.com', 46, 1),
(47, 'Edison Alvarado', '1234590', 'edisonalvarado@example.com', 47, 1),
(48, 'Patricia Gutiérrez', '7654344', 'patriciagutierrez@example.com', 48, 1),
(49, 'Santiago Carrillo', '1234591', 'santiagocarrillo@example.com', 49, 1),
(50, 'Karla Sánchez', '7654345', 'karlasanchez@example.com', 50, 1);

-- Inserciones para la tabla Proveedores (Ejemplos reales)
INSERT INTO Proveedores (id_proveedor, nombre, telefono, correo, id_ubicacion) VALUES
(1, 'Agropecuaria La Esperanza', '3012345678', 'contacto@laesperanza.com', 1),
(2, 'Semillas de Calidad S.A.', '3023456789', 'info@semillascalidad.com', 2),
(3, 'Fertilizantes Verdes', '3034567890', 'ventas@fertilizantesverdes.com', 3),
(4, 'Maquinaria Agroindustrial', '3045678901', 'soporte@maquinariasagro.com', 4),
(5, 'Distribuciones Agrícolas', '3056789012', 'contacto@distribucionesagricolas.com', 5),
(6, 'Productos Orgánicos del Campo', '3067890123', 'ventas@productosorganicos.com', 6),
(7, 'Agroinsumos S.A.S.', '3078901234', 'info@agroinsumos.com', 7),
(8, 'Vivero Tropical', '3089012345', 'atencion@viverotropical.com', 8),
(9, 'Alimentos Naturales', '3090123456', 'ventas@alimentosnaturales.com', 9),
(10, 'Invernaderos Ecológicos', '3101234567', 'contacto@invernadoresecológicos.com', 10),
(11, 'Cultivos Sostenibles', '3112345678', 'info@cultivossostenibles.com', 11),
(12, 'Agroquímicos del Sur', '3123456789', 'ventas@agroquimicosdelsur.com', 12),
(13, 'Tecnologías Agrarias', '3134567890', 'soporte@tecnologiasagrarias.com', 13),
(14, 'Frutas y Verduras Frescas', '3145678901', 'ventas@frutasyverduras.com', 14),
(15, 'Biocontrol Ambiental', '3156789012', 'info@biocontrol.com', 15),
(16, 'Sistemas de Riego Eficiente', '3167890123', 'contacto@sistemasderiego.com', 16),
(17, 'Cosechas de Calidad', '3178901234', 'ventas@cosechasdecalidad.com', 17),
(18, 'Nutrición Vegetal S.A.', '3189012345', 'info@nutricionvegetal.com', 18),
(19, 'Proveedores de Insumos Agrícolas', '3190123456', 'atencion@insumosagricolas.com', 19),
(20, 'Agropecuaria El Progreso', '3201234567', 'contacto@elprogreso.com', 20),
(21, 'Café del Campo', '3212345678', 'info@cafedecampo.com', 21),
(22, 'Hortalizas y Aromáticas', '3223456789', 'ventas@hortalizasyaromaticas.com', 22),
(23, 'Granos del Valle', '3234567890', 'info@granosdelvalle.com', 23),
(24, 'Vivero de Plantas Medicinales', '3245678901', 'ventas@viveroplantasmedicinales.com', 24),
(25, 'Energía Solar para Cultivos', '3256789012', 'info@energia-solar.com', 25),
(26, 'Cereales y Semillas', '3267890123', 'ventas@cerealesysemillas.com', 26),
(27, 'Cultivos Tropicales', '3278901234', 'info@cultivostropicales.com', 27),
(28, 'Productos Lácteos Naturales', '3289012345', 'ventas@productoslacteos.com', 28),
(29, 'Agropecuaria Santa María', '3290123456', 'info@santamaria.com', 29),
(30, 'Semillas y Abonos Naturales', '3301234567', 'ventas@semillasabonosnaturales.com', 30),
(31, 'Equipos de Cosecha Ecológicos', '3312345678', 'info@equiposcosecha.com', 31),
(32, 'Distribuidora de Frutas', '3323456789', 'ventas@distribuidorafrutasyverduras.com', 32),
(33, 'Insumos Orgánicos para el Agro', '3334567890', 'info@insumosorganicos.com', 33),
(34, 'Cítricos del Trópico', '3345678901', 'ventas@citricos.com', 34),
(35, 'Desarrollo Sostenible Agrícola', '3356789012', 'info@desarrollosostenible.com', 35),
(36, 'Suministros Agropecuarios', '3367890123', 'ventas@suministrosagropecuarios.com', 36),
(37, 'Frutos del Campo', '3378901234', 'info@frutosdelcampo.com', 37),
(38, 'Sistemas de Cultivo Inteligente', '3389012345', 'ventas@cultivointeligente.com', 38),
(39, 'Agroexportadores', '3390123456', 'info@agroexportadores.com', 39),
(40, 'Productos Biológicos para Cultivos', '3401234567', 'ventas@productosbiologicos.com', 40),
(41, 'Vivero de Flores', '3412345678', 'info@viverodeflores.com', 41),
(42, 'Alimentos Balanceados para Animales', '3423456789', 'ventas@alimentosbalanceados.com', 42),
(43, 'Bioplaguicidas', '3434567890', 'info@bioplaguicidas.com', 43),
(44, 'Plásticos Agrícolas', '3445678901', 'ventas@plasticosagricolas.com', 44),
(45, 'Fertilizantes Orgánicos', '3456789012', 'info@fertilizantesorganicos.com', 45),
(46, 'Agroindustrial Santa Rosa', '3467890123', 'ventas@agroindustrial.com', 46),
(47, 'Sistemas de Riego Automático', '3478901234', 'info@sistemasderiegoautomatico.com', 47),
(48, 'Productos de Huerta', '3489012345', 'ventas@productosdehuerta.com', 48),
(49, 'Asesoría Agrícola', '3490123456', 'info@asesoriaagricola.com', 49),
(50, 'Cultivos Ecológicos', '3501234567', 'ventas@cultivosecologicos.com', 50);


INSERT INTO Compras (id_compra, fecha, total, id_proveedor) VALUES
(1, '2024-01-10', 1500000.00, 1),
(2, '2024-01-15', 750000.00, 2),
(3, '2024-01-20', 2500000.00, 3),
(4, '2024-01-25', 1200000.00, 4),
(5, '2024-02-01', 1800000.00, 1),
(6, '2024-02-05', 900000.00, 2),
(7, '2024-02-10', 3000000.00, 3),
(8, '2024-02-15', 1300000.00, 4),
(9, '2024-02-20', 1100000.00, 1),
(10, '2024-02-25', 2000000.00, 2),
(11, '2024-03-01', 1600000.00, 1),
(12, '2024-03-03', 850000.00, 2),
(13, '2024-03-05', 2700000.00, 3),
(14, '2024-03-07', 1350000.00, 4),
(15, '2024-03-10', 1450000.00, 1),
(16, '2024-03-12', 950000.00, 2),
(17, '2024-03-15', 2900000.00, 3),
(18, '2024-03-18', 1250000.00, 4),
(19, '2024-04-01', 1700000.00, 1),
(20, '2024-04-05', 920000.00, 2),
(21, '2024-04-10', 2800000.00, 3),
(22, '2024-04-15', 1150000.00, 4),
(23, '2024-04-20', 1600000.00, 1),
(24, '2024-04-25', 830000.00, 2),
(25, '2024-05-01', 2900000.00, 3),
(26, '2024-05-05', 1400000.00, 4),
(27, '2024-05-10', 1750000.00, 1),
(28, '2024-05-15', 960000.00, 2),
(29, '2024-05-20', 3100000.00, 3),
(30, '2024-05-25', 1350000.00, 4),
(31, '2024-06-01', 1800000.00, 1),
(32, '2024-06-05', 910000.00, 2),
(33, '2024-06-10', 3000000.00, 3),
(34, '2024-06-15', 1450000.00, 4),
(35, '2024-06-20', 1650000.00, 1),
(36, '2024-06-25', 850000.00, 2),
(37, '2024-07-01', 2750000.00, 3),
(38, '2024-07-05', 1250000.00, 4),
(39, '2024-07-10', 1500000.00, 1),
(40, '2024-07-15', 800000.00, 2),
(41, '2024-07-20', 2900000.00, 3),
(42, '2024-07-25', 1100000.00, 4),
(43, '2024-08-01', 1750000.00, 1),
(44, '2024-08-05', 920000.00, 2),
(45, '2024-08-10', 3100000.00, 3),
(46, '2024-08-15', 1300000.00, 4),
(47, '2024-08-20', 1850000.00, 1),
(48, '2024-08-25', 890000.00, 2),
(49, '2024-09-01', 2950000.00, 3),
(50, '2024-09-05', 1350000.00, 4);

INSERT INTO Detalles_compra (id, id_compra, id_activo, precio_unitario, cantidad) VALUES
(1, 1, 1, 50000.00, 30),
(2, 1, 6, 200000.00, 5),
(3, 2, 4, 75000.00, 8),
(4, 2, 7, 30000.00, 15),
(5, 3, 18, 90000.00, 10),
(6, 4, 8, 45000.00, 30),
(7, 5, 11, 60000.00, 20),
(8, 6, 10, 65000.00, 15),
(9, 7, 3, 90000.00, 10),
(10, 8, 12, 55000.00, 10),
(11, 9, 2, 40000.00, 10),
(12, 10, 1, 50000.00, 25),
(13, 11, 4, 75000.00, 5),
(14, 12, 7, 30000.00, 20),
(15, 13, 18, 90000.00, 8),
(16, 14, 8, 45000.00, 15),
(17, 15, 11, 60000.00, 12),
(18, 16, 10, 65000.00, 10),
(19, 17, 3, 90000.00, 12),
(20, 18, 12, 55000.00, 14),
(21, 19, 2, 40000.00, 18),
(22, 20, 1, 50000.00, 20),
(23, 21, 4, 75000.00, 6),
(24, 22, 7, 30000.00, 22),
(25, 23, 18, 90000.00, 10),
(26, 24, 8, 45000.00, 17),
(27, 25, 11, 60000.00, 9),
(28, 26, 10, 65000.00, 14),
(29, 27, 3, 90000.00, 8),
(30, 28, 12, 55000.00, 19),
(31, 29, 2, 40000.00, 10),
(32, 30, 1, 50000.00, 25),
(33, 31, 4, 75000.00, 5),
(34, 32, 7, 30000.00, 15),
(35, 33, 18, 90000.00, 10),
(36, 34, 8, 45000.00, 30),
(37, 35, 11, 60000.00, 20),
(38, 36, 10, 65000.00, 15),
(39, 37, 3, 90000.00, 10),
(40, 38, 12, 55000.00, 10),
(41, 39, 2, 40000.00, 10),
(42, 40, 1, 50000.00, 25),
(43, 41, 4, 75000.00, 8),
(44, 42, 7, 30000.00, 20),
(45, 43, 18, 90000.00, 5),
(46, 44, 8, 45000.00, 15),
(47, 45, 11, 60000.00, 20),
(48, 46, 10, 65000.00, 15),
(49, 47, 3, 90000.00, 10),
(50, 48, 12, 55000.00, 10);

INSERT INTO Cargos (id_cargo, cargo) VALUES
(1, 'Recolector'),
(2, 'Fumigador'),
(3, 'Agricultor'),
(4, 'Mantenimiento'),
(5, 'Vendedor'),
(6, 'Transportador'),
(7, 'Supervisor'),
(8, 'Contador'),
(9, 'Administrativo'),
(10, 'Gerente');

INSERT INTO Empleados (id_empleado, nombre, edad, id_cargo, salario, telefono, fecha_contratacion) VALUES
(1, 'Juan Pérez', 30, 1, 1200000.00, '3001234567', '2023-01-10'),
(2, 'María López', 28, 2, 1300000.00, '3109876543', '2023-02-15'),
(3, 'Carlos Gómez', 35, 3, 1250000.00, '3202345678', '2023-03-20'),
(4, 'Ana Torres', 26, 4, 1150000.00, '3303456789', '2023-04-25'),
(5, 'Luis Martínez', 40, 5, 1400000.00, '3404567890', '2023-05-30'),
(6, 'Laura Díaz', 32, 6, 1100000.00, '3505678901', '2023-06-05'),
(7, 'Diego Ruiz', 29, 7, 1350000.00, '3606789012', '2023-07-12'),
(8, 'Sara Ramírez', 34, 8, 1450000.00, '3707890123', '2023-08-18'),
(9, 'Fernando Torres', 31, 9, 1500000.00, '3808901234', '2023-09-23'),
(10, 'Valentina Gómez', 27, 10, 1600000.00, '3909012345', '2023-10-29'),
(11, 'Andrés Morales', 37, 1, 1180000.00, '4001234567', '2023-11-01'),
(12, 'Camila Rojas', 30, 2, 1250000.00, '4109876543', '2023-11-05'),
(13, 'Santiago Ruiz', 33, 3, 1280000.00, '4202345678', '2023-11-10'),
(14, 'Isabella Arango', 29, 4, 1100000.00, '4303456789', '2023-11-15'),
(15, 'Julián Salazar', 36, 5, 1350000.00, '4404567890', '2023-11-20'),
(16, 'Mariana Fernández', 32, 6, 1120000.00, '4505678901', '2023-11-25'),
(17, 'Felipe Castro', 38, 7, 1380000.00, '4606789012', '2023-11-30'),
(18, 'Natalia Serrano', 25, 8, 1470000.00, '4707890123', '2023-12-05'),
(19, 'Sebastián Méndez', 31, 9, 1550000.00, '4808901234', '2023-12-10'),
(20, 'Gabriela Salas', 26, 10, 1630000.00, '4909012345', '2023-12-15'),
(21, 'Emilio Ceballos', 34, 1, 1210000.00, '3002345678', '2023-12-20'),
(22, 'Claudia Arias', 29, 2, 1340000.00, '3103456789', '2023-12-25'),
(23, 'Antonio Villanueva', 30, 3, 1290000.00, '3204567890', '2023-12-30'),
(24, 'Lucía Cuervo', 27, 4, 1130000.00, '3305678901', '2024-01-05'),
(25, 'Ricardo Pineda', 39, 5, 1360000.00, '3406789012', '2024-01-10'),
(26, 'Diana Jiménez', 35, 6, 1110000.00, '3507890123', '2024-01-15'),
(27, 'Oscar Castaño', 32, 7, 1390000.00, '3608901234', '2024-01-20'),
(28, 'Valeria Salgado', 26, 8, 1480000.00, '3709012345', '2024-01-25'),
(29, 'José Alvarado', 28, 9, 1560000.00, '3801234567', '2024-02-01'),
(30, 'Sofía Morales', 40, 10, 1640000.00, '3909876543', '2024-02-05');

INSERT INTO Dias_semana (id_dia, dia) VALUES
(1, 'Lunes'),
(2, 'Martes'),
(3, 'Miércoles'),
(4, 'Jueves'),
(5, 'Viernes'),
(6, 'Sábado'),
(7, 'Domingo');

INSERT INTO Horarios (id_horario, id_empleado, id_dia, hora_inicio, hora_fin) VALUES
(1, 1, 1, '08:00:00', '17:00:00'),
(2, 1, 2, '08:00:00', '17:00:00'),
(3, 2, 1, '08:00:00', '17:00:00'),
(4, 2, 2, '08:00:00', '17:00:00'),
(5, 3, 1, '09:00:00', '18:00:00'),
(6, 3, 3, '09:00:00', '18:00:00'),
(7, 4, 4, '07:30:00', '16:30:00'),
(8, 5, 5, '08:00:00', '17:00:00'),
(9, 6, 1, '08:00:00', '17:00:00'),
(10, 7, 2, '09:00:00', '18:00:00'),
(11, 8, 3, '08:30:00', '17:30:00'),
(12, 9, 4, '08:00:00', '17:00:00'),
(13, 10, 5, '09:00:00', '18:00:00'),
(14, 11, 1, '08:00:00', '17:00:00'),
(15, 12, 2, '09:00:00', '18:00:00'),
(16, 13, 3, '08:30:00', '17:30:00'),
(17, 14, 4, '07:30:00', '16:30:00'),
(18, 15, 5, '08:00:00', '17:00:00'),
(19, 16, 1, '09:00:00', '18:00:00'),
(20, 17, 2, '08:00:00', '17:00:00'),
(21, 18, 3, '08:30:00', '17:30:00'),
(22, 19, 4, '09:00:00', '18:00:00'),
(23, 20, 5, '08:00:00', '17:00:00'),
(24, 21, 6, '08:00:00', '17:00:00'),
(25, 22, 7, '09:00:00', '18:00:00'),
(26, 23, 6, '08:30:00', '17:30:00'),
(27, 24, 5, '08:00:00', '17:00:00'),
(28, 25, 4, '09:00:00', '18:00:00'),
(29, 26, 6, '08:00:00', '17:00:00'),
(30, 27, 7, '08:30:00', '17:30:00'),
(31, 28, 1, '08:00:00', '17:00:00'),
(32, 29, 2, '09:00:00', '18:00:00'),
(33, 30, 3, '08:30:00', '17:30:00'),
(34, 1, 4, '07:30:00', '16:30:00'),
(35, 2, 5, '08:00:00', '17:00:00'),
(36, 3, 6, '09:00:00', '18:00:00'),
(37, 4, 1, '08:30:00', '17:30:00'),
(38, 5, 2, '07:30:00', '16:30:00'),
(39, 6, 3, '08:00:00', '17:00:00'),
(40, 7, 4, '09:00:00', '18:00:00'),
(41, 8, 5, '08:30:00', '17:30:00'),
(42, 9, 6, '08:00:00', '17:00:00'),
(43, 10, 7, '09:00:00', '18:00:00'),
(44, 11, 1, '08:30:00', '17:30:00'),
(45, 12, 2, '07:30:00', '16:30:00'),
(46, 13, 3, '08:00:00', '17:00:00'),
(47, 14, 4, '09:00:00', '18:00:00'),
(48, 15, 5, '08:30:00', '17:30:00'),
(49, 16, 6, '08:00:00', '17:00:00'),
(50, 17, 7, '09:00:00', '18:00:00');

INSERT INTO Ventas (id_venta, fecha, id_empleado, id_cliente, total) VALUES
(1, '2024-01-10', 1, 1, 1500000.00),
(2, '2024-01-15', 2, 2, 2500000.00),
(3, '2024-01-20', 3, 3, 3500000.00),
(4, '2024-01-25', 4, 4, 4500000.00),
(5, '2024-02-01', 5, 5, 2000000.00),
(6, '2024-02-05', 6, 1, 1800000.00),
(7, '2024-02-10', 7, 2, 3000000.00),
(8, '2024-02-15', 8, 3, 2700000.00),
(9, '2024-02-20', 9, 4, 3200000.00),
(10, '2024-02-25', 10, 5, 2200000.00),
(11, '2024-03-02', 1, 6, 1400000.00),
(12, '2024-03-07', 2, 7, 1900000.00),
(13, '2024-03-12', 3, 8, 3000000.00),
(14, '2024-03-17', 4, 9, 3600000.00),
(15, '2024-03-22', 5, 10, 2400000.00),
(16, '2024-04-01', 6, 1, 1700000.00),
(17, '2024-04-05', 7, 2, 2100000.00),
(18, '2024-04-10', 8, 3, 3100000.00),
(19, '2024-04-15', 9, 4, 3500000.00),
(20, '2024-04-20', 10, 5, 2300000.00),
(21, '2024-05-01', 1, 6, 1600000.00),
(22, '2024-05-05', 2, 7, 2000000.00),
(23, '2024-05-10', 3, 8, 2900000.00),
(24, '2024-05-15', 4, 9, 4000000.00),
(25, '2024-05-20', 5, 10, 2200000.00),
(26, '2024-06-01', 6, 1, 1500000.00),
(27, '2024-06-05', 7, 2, 2300000.00),
(28, '2024-06-10', 8, 3, 3100000.00),
(29, '2024-06-15', 9, 4, 3400000.00),
(30, '2024-06-20', 10, 5, 2700000.00),
(31, '2024-07-01', 1, 6, 1800000.00),
(32, '2024-07-05', 2, 7, 2000000.00),
(33, '2024-07-10', 3, 8, 3000000.00),
(34, '2024-07-15', 4, 9, 3200000.00),
(35, '2024-07-20', 5, 10, 2500000.00),
(36, '2024-08-01', 6, 1, 1600000.00),
(37, '2024-08-05', 7, 2, 2200000.00),
(38, '2024-08-10', 8, 3, 2900000.00),
(39, '2024-08-15', 9, 4, 3700000.00),
(40, '2024-08-20', 10, 5, 2100000.00),
(41, '2024-09-01', 1, 6, 1400000.00),
(42, '2024-09-05', 2, 7, 2300000.00),
(43, '2024-09-10', 3, 8, 3100000.00),
(44, '2024-09-15', 4, 9, 3800000.00),
(45, '2024-09-20', 5, 10, 2400000.00),
(46, '2024-10-01', 6, 1, 1700000.00),
(47, '2024-10-05', 7, 2, 1900000.00),
(48, '2024-10-10', 8, 3, 2600000.00),
(49, '2024-10-15', 9, 4, 3000000.00),
(50, '2024-10-20', 10, 5, 3200000.00);

